Age,GrLivArea,OverallQual,FullBath,GarageArea,GarageCars,TotRmsAbvGrd
5.0,1710.0,7.0,2.0,548.0,2.0,8.0
31.0,1262.0,6.0,2.0,460.0,2.0,6.0
7.0,1786.0,7.0,2.0,608.0,2.0,6.0
8.0,2198.0,8.0,2.0,836.0,3.0,9.0
16.0,1362.0,5.0,1.0,480.0,2.0,5.0
3.0,1694.0,8.0,2.0,636.0,2.0,7.0
36.0,2090.0,7.0,2.0,484.0,2.0,7.0
69.0,1077.0,5.0,1.0,205.0,1.0,5.0
43.0,1040.0,5.0,1.0,384.0,1.0,5.0
1.0,2324.0,9.0,3.0,736.0,3.0,11.0
46.0,912.0,5.0,1.0,352.0,1.0,4.0
1.0,1494.0,7.0,2.0,840.0,3.0,7.0
48.0,1253.0,6.0,1.0,352.0,1.0,5.0
78.0,854.0,7.0,1.0,576.0,2.0,5.0
40.0,1004.0,6.0,1.0,480.0,2.0,5.0
39.0,1296.0,4.0,2.0,516.0,2.0,6.0
4.0,1114.0,5.0,1.0,576.0,2.0,6.0
1.0,2376.0,8.0,3.0,853.0,3.0,9.0
77.0,1108.0,7.0,1.0,280.0,1.0,6.0
6.0,1795.0,8.0,2.0,534.0,2.0,7.0
31.0,1060.0,5.0,1.0,572.0,2.0,6.0
42.0,1060.0,5.0,1.0,270.0,1.0,6.0
2.0,1600.0,8.0,2.0,890.0,3.0,7.0
59.0,900.0,5.0,1.0,576.0,2.0,5.0
3.0,1704.0,8.0,2.0,772.0,3.0,7.0
49.0,1600.0,5.0,1.0,319.0,1.0,6.0
81.0,520.0,4.0,1.0,240.0,1.0,4.0
42.0,1228.0,5.0,1.0,271.0,1.0,6.0
1.0,1234.0,8.0,2.0,484.0,2.0,7.0
51.0,1700.0,5.0,1.0,447.0,2.0,6.0
2.0,1561.0,9.0,2.0,556.0,2.0,6.0
2.0,2452.0,8.0,3.0,691.0,3.0,9.0
15.0,1097.0,5.0,1.0,672.0,2.0,6.0
55.0,1297.0,5.0,1.0,498.0,2.0,5.0
53.0,1152.0,4.0,2.0,0.0,0.0,6.0
48.0,1328.0,5.0,1.0,308.0,1.0,5.0
24.0,884.0,5.0,1.0,504.0,2.0,5.0
33.0,938.0,5.0,1.0,308.0,1.0,5.0
47.0,1150.0,5.0,1.0,300.0,1.0,6.0
5.0,1752.0,9.0,2.0,576.0,2.0,6.0
1.0,1656.0,8.0,2.0,826.0,3.0,7.0
89.0,1452.0,4.0,2.0,0.0,0.0,8.0
41.0,955.0,5.0,1.0,386.0,1.0,6.0
10.0,1470.0,6.0,2.0,388.0,2.0,6.0
72.0,1176.0,6.0,1.0,528.0,2.0,6.0
47.0,816.0,5.0,1.0,516.0,2.0,5.0
25.0,1842.0,9.0,0.0,894.0,3.0,5.0
52.0,1360.0,5.0,1.0,572.0,2.0,6.0
44.0,1425.0,6.0,2.0,576.0,2.0,7.0
2.0,1720.0,7.0,2.0,565.0,2.0,7.0
0.0,2945.0,10.0,3.0,641.0,3.0,10.0
36.0,780.0,5.0,1.0,352.0,1.0,4.0
2.0,1158.0,6.0,1.0,576.0,2.0,5.0
87.0,1111.0,5.0,1.0,288.0,1.0,6.0
1.0,1370.0,8.0,2.0,484.0,2.0,6.0
89.0,1710.0,7.0,2.0,480.0,2.0,9.0
12.0,2034.0,7.0,2.0,645.0,2.0,8.0
3.0,2473.0,8.0,2.0,852.0,3.0,9.0
40.0,2207.0,7.0,2.0,576.0,2.0,7.0
4.0,1479.0,7.0,2.0,558.0,2.0,7.0
65.0,747.0,4.0,1.0,220.0,1.0,4.0
53.0,2287.0,7.0,2.0,667.0,2.0,7.0
34.0,2223.0,7.0,2.0,516.0,2.0,8.0
25.0,845.0,4.0,1.0,360.0,2.0,4.0
11.0,1718.0,7.0,2.0,427.0,2.0,7.0
56.0,1086.0,5.0,1.0,490.0,2.0,6.0
95.0,1605.0,3.0,2.0,379.0,1.0,8.0
36.0,988.0,4.0,1.0,297.0,1.0,5.0
52.0,952.0,4.0,1.0,283.0,1.0,4.0
60.0,1285.0,5.0,1.0,240.0,1.0,6.0
42.0,1768.0,4.0,2.0,0.0,0.0,8.0
99.0,1230.0,5.0,1.0,440.0,2.0,5.0
41.0,2142.0,6.0,2.0,509.0,1.0,8.0
8.0,1337.0,6.0,2.0,405.0,2.0,5.0
1.0,1563.0,8.0,2.0,758.0,3.0,6.0
47.0,1065.0,5.0,1.0,461.0,2.0,6.0
14.0,1474.0,7.0,2.0,400.0,2.0,7.0
15.0,2417.0,8.0,2.0,462.0,2.0,9.0
4.0,1560.0,6.0,2.0,400.0,2.0,6.0
0.0,1224.0,6.0,2.0,528.0,2.0,4.0
13.0,990.0,4.0,1.0,0.0,0.0,5.0
56.0,1040.0,4.0,1.0,420.0,2.0,4.0
88.0,964.0,5.0,1.0,432.0,2.0,5.0
10.0,1786.0,6.0,2.0,684.0,2.0,7.0
16.0,1470.0,6.0,2.0,420.0,2.0,6.0
7.0,1588.0,7.0,2.0,472.0,2.0,6.0
42.0,960.0,4.0,1.0,432.0,1.0,6.0
51.0,1225.0,4.0,1.0,0.0,0.0,6.0
33.0,1610.0,6.0,2.0,480.0,2.0,6.0
25.0,1732.0,6.0,2.0,476.0,2.0,7.0
30.0,1535.0,5.0,2.0,410.0,2.0,8.0
1.0,1226.0,7.0,2.0,740.0,3.0,6.0
76.0,1818.0,7.0,1.0,240.0,1.0,7.0
5.0,1992.0,8.0,2.0,648.0,2.0,9.0
122.0,1047.0,4.0,1.0,273.0,1.0,6.0
60.0,789.0,5.0,1.0,250.0,1.0,5.0
88.0,1517.0,5.0,2.0,0.0,0.0,7.0
33.0,1844.0,6.0,2.0,546.0,2.0,7.0
52.0,1855.0,6.0,2.0,325.0,1.0,7.0
10.0,1430.0,7.0,2.0,400.0,2.0,7.0
0.0,2696.0,7.0,2.0,792.0,3.0,10.0
62.0,2320.0,6.0,2.0,180.0,1.0,9.0
8.0,1458.0,6.0,2.0,440.0,2.0,5.0
47.0,1092.0,5.0,1.0,288.0,1.0,6.0
1.0,1125.0,5.0,1.0,430.0,2.0,5.0
20.0,3222.0,7.0,3.0,594.0,3.0,11.0
1.0,1456.0,6.0,2.0,390.0,2.0,8.0
37.0,988.0,6.0,1.0,540.0,2.0,4.0
68.0,1123.0,4.0,1.0,264.0,1.0,4.0
50.0,1080.0,6.0,1.0,288.0,1.0,5.0
15.0,1199.0,6.0,2.0,530.0,2.0,5.0
30.0,1586.0,6.0,2.0,435.0,2.0,7.0
71.0,754.0,6.0,1.0,0.0,0.0,5.0
31.0,958.0,6.0,2.0,440.0,2.0,5.0
77.0,840.0,5.0,1.0,0.0,0.0,5.0
40.0,1348.0,6.0,1.0,453.0,2.0,6.0
40.0,2157.0,7.0,2.0,487.0,2.0,8.0
9.0,2054.0,6.0,2.0,390.0,2.0,7.0
48.0,1327.0,5.0,1.0,624.0,2.0,7.0
8.0,1296.0,8.0,2.0,471.0,2.0,6.0
38.0,1721.0,5.0,2.0,440.0,2.0,7.0
38.0,1682.0,7.0,2.0,530.0,2.0,7.0
40.0,1214.0,5.0,2.0,318.0,1.0,5.0
9.0,1852.0,8.0,2.0,660.0,3.0,7.0
12.0,1764.0,6.0,2.0,470.0,2.0,7.0
39.0,864.0,4.0,1.0,0.0,0.0,5.0
1.0,1734.0,7.0,2.0,660.0,2.0,7.0
58.0,1385.0,5.0,2.0,720.0,2.0,6.0
10.0,1501.0,7.0,2.0,577.0,2.0,6.0
2.0,1709.0,6.0,2.0,380.0,2.0,7.0
78.0,875.0,5.0,1.0,180.0,1.0,5.0
9.0,2035.0,7.0,2.0,434.0,2.0,8.0
4.0,1080.0,7.0,1.0,0.0,0.0,6.0
70.0,1344.0,5.0,1.0,240.0,1.0,7.0
32.0,969.0,5.0,1.0,440.0,2.0,5.0
1.0,1710.0,8.0,2.0,866.0,3.0,6.0
35.0,1993.0,6.0,2.0,495.0,2.0,8.0
48.0,1252.0,6.0,1.0,564.0,2.0,4.0
84.0,1096.0,6.0,1.0,0.0,0.0,5.0
56.0,1040.0,5.0,1.0,625.0,2.0,5.0
1.0,1968.0,8.0,2.0,680.0,3.0,8.0
6.0,1947.0,7.0,2.0,678.0,2.0,8.0
1.0,2462.0,7.0,2.0,576.0,2.0,9.0
24.0,1232.0,6.0,2.0,516.0,2.0,6.0
5.0,2668.0,9.0,2.0,726.0,3.0,10.0
5.0,1541.0,7.0,2.0,532.0,2.0,7.0
51.0,882.0,4.0,1.0,0.0,0.0,4.0
81.0,1616.0,6.0,2.0,216.0,1.0,5.0
68.0,1355.0,5.0,2.0,0.0,0.0,6.0
54.0,1867.0,5.0,1.0,303.0,1.0,7.0
0.0,2161.0,8.0,1.0,789.0,3.0,8.0
3.0,1720.0,7.0,2.0,440.0,2.0,7.0
25.0,1707.0,8.0,2.0,511.0,2.0,6.0
66.0,1382.0,5.0,1.0,660.0,2.0,7.0
50.0,1656.0,6.0,1.0,528.0,2.0,7.0
19.0,1767.0,7.0,2.0,504.0,2.0,5.0
47.0,1362.0,6.0,1.0,504.0,2.0,6.0
22.0,1651.0,6.0,2.0,616.0,2.0,7.0
57.0,2158.0,6.0,2.0,576.0,2.0,7.0
19.0,2060.0,6.0,2.0,521.0,2.0,8.0
48.0,1920.0,5.0,2.0,451.0,2.0,8.0
1.0,2234.0,9.0,2.0,1166.0,3.0,9.0
84.0,968.0,5.0,1.0,480.0,2.0,5.0
7.0,1525.0,6.0,2.0,440.0,2.0,5.0
86.0,1802.0,7.0,1.0,216.0,1.0,9.0
50.0,1340.0,5.0,1.0,252.0,1.0,7.0
5.0,2082.0,7.0,2.0,484.0,2.0,6.0
98.0,1252.0,5.0,1.0,576.0,2.0,5.0
114.0,3608.0,10.0,2.0,840.0,3.0,12.0
19.0,1217.0,7.0,2.0,497.0,2.0,6.0
93.0,1656.0,5.0,2.0,180.0,1.0,8.0
30.0,1224.0,5.0,0.0,528.0,2.0,6.0
7.0,1593.0,8.0,1.0,682.0,2.0,5.0
75.0,2727.0,8.0,2.0,440.0,2.0,10.0
35.0,1479.0,7.0,1.0,484.0,2.0,7.0
10.0,1431.0,7.0,2.0,666.0,2.0,6.0
2.0,1709.0,7.0,2.0,380.0,2.0,7.0
36.0,864.0,5.0,1.0,352.0,1.0,5.0
33.0,1456.0,6.0,2.0,440.0,2.0,7.0
0.0,1726.0,7.0,2.0,786.0,3.0,8.0
5.0,1713.0,8.0,2.0,856.0,3.0,7.0
7.0,1121.0,4.0,2.0,440.0,2.0,5.0
31.0,1279.0,6.0,2.0,473.0,2.0,6.0
82.0,1310.0,6.0,2.0,398.0,1.0,6.0
4.0,848.0,6.0,1.0,420.0,2.0,3.0
62.0,1284.0,5.0,1.0,240.0,1.0,5.0
19.0,1442.0,7.0,2.0,500.0,2.0,5.0
45.0,1696.0,5.0,1.0,349.0,1.0,8.0
48.0,1100.0,4.0,1.0,312.0,1.0,6.0
19.0,2062.0,7.0,2.0,454.0,2.0,7.0
44.0,1092.0,6.0,1.0,504.0,2.0,6.0
83.0,864.0,5.0,1.0,0.0,0.0,5.0
1.0,1212.0,6.0,2.0,460.0,2.0,6.0
0.0,1852.0,7.0,2.0,644.0,2.0,7.0
11.0,990.0,5.0,1.0,576.0,2.0,5.0
33.0,1392.0,6.0,1.0,299.0,1.0,6.0
49.0,1236.0,5.0,1.0,447.0,1.0,6.0
4.0,1436.0,7.0,2.0,484.0,2.0,8.0
69.0,1954.0,7.0,1.0,431.0,2.0,8.0
1.0,1248.0,7.0,2.0,438.0,2.0,5.0
0.0,1498.0,7.0,2.0,675.0,2.0,5.0
7.0,2267.0,6.0,2.0,390.0,2.0,8.0
31.0,1552.0,6.0,2.0,434.0,2.0,6.0
6.0,2392.0,10.0,2.0,968.0,3.0,8.0
38.0,987.0,6.0,1.0,280.0,1.0,5.0
43.0,912.0,5.0,1.0,336.0,1.0,5.0
4.0,1555.0,7.0,2.0,430.0,2.0,7.0
51.0,1194.0,6.0,1.0,312.0,1.0,6.0
14.0,2794.0,8.0,2.0,810.0,3.0,9.0
34.0,987.0,6.0,1.0,288.0,1.0,5.0
34.0,894.0,5.0,1.0,308.0,1.0,5.0
8.0,1960.0,6.0,2.0,440.0,2.0,8.0
37.0,987.0,6.0,1.0,264.0,1.0,5.0
6.0,1414.0,7.0,2.0,494.0,2.0,6.0
17.0,1744.0,7.0,2.0,457.0,2.0,7.0
0.0,1694.0,8.0,2.0,818.0,3.0,7.0
65.0,1487.0,6.0,1.0,220.0,1.0,7.0
2.0,1566.0,8.0,2.0,750.0,2.0,7.0
62.0,866.0,5.0,1.0,0.0,0.0,4.0
106.0,1440.0,5.0,1.0,352.0,1.0,6.0
29.0,1217.0,6.0,1.0,288.0,1.0,6.0
16.0,2110.0,7.0,2.0,463.0,2.0,8.0
18.0,1872.0,7.0,2.0,604.0,2.0,6.0
96.0,1928.0,6.0,2.0,440.0,1.0,9.0
52.0,1375.0,6.0,1.0,451.0,2.0,5.0
4.0,1668.0,7.0,2.0,500.0,2.0,8.0
49.0,2144.0,6.0,2.0,389.0,2.0,7.0
70.0,1306.0,3.0,1.0,0.0,0.0,6.0
4.0,1640.0,6.0,2.0,520.0,2.0,6.0
43.0,1302.0,6.0,2.0,309.0,1.0,7.0
53.0,1314.0,5.0,1.0,294.0,1.0,5.0
7.0,2291.0,7.0,2.0,429.0,2.0,8.0
5.0,1728.0,6.0,2.0,673.0,2.0,7.0
7.0,1792.0,7.0,2.0,564.0,2.0,7.0
52.0,882.0,5.0,1.0,308.0,1.0,4.0
47.0,1382.0,6.0,1.0,884.0,2.0,6.0
0.0,2574.0,8.0,2.0,868.0,3.0,10.0
29.0,1212.0,6.0,1.0,492.0,2.0,6.0
81.0,1316.0,5.0,1.0,484.0,2.0,6.0
83.0,764.0,5.0,1.0,504.0,2.0,4.0
27.0,1422.0,6.0,2.0,576.0,2.0,7.0
9.0,1511.0,6.0,2.0,413.0,2.0,8.0
69.0,2192.0,5.0,2.0,240.0,1.0,8.0
68.0,778.0,5.0,1.0,924.0,1.0,4.0
31.0,1113.0,6.0,1.0,504.0,1.0,6.0
0.0,1939.0,8.0,2.0,1053.0,3.0,8.0
54.0,1363.0,7.0,1.0,439.0,2.0,5.0
11.0,2270.0,8.0,2.0,671.0,3.0,9.0
51.0,1632.0,6.0,2.0,338.0,1.0,6.0
25.0,816.0,5.0,1.0,264.0,1.0,5.0
84.0,1548.0,7.0,2.0,672.0,2.0,5.0
7.0,1560.0,7.0,2.0,573.0,2.0,7.0
59.0,864.0,4.0,1.0,400.0,2.0,4.0
1.0,2121.0,9.0,2.0,732.0,3.0,8.0
31.0,2022.0,7.0,2.0,505.0,2.0,8.0
18.0,1982.0,7.0,2.0,575.0,2.0,7.0
0.0,1262.0,6.0,2.0,572.0,2.0,5.0
2.0,1314.0,7.0,2.0,626.0,2.0,6.0
1.0,1468.0,8.0,2.0,898.0,3.0,6.0
15.0,1575.0,6.0,2.0,529.0,2.0,5.0
1.0,1250.0,7.0,2.0,528.0,2.0,5.0
44.0,1734.0,6.0,1.0,440.0,2.0,7.0
35.0,858.0,4.0,1.0,0.0,0.0,5.0
43.0,900.0,5.0,1.0,280.0,1.0,5.0
92.0,1396.0,6.0,1.0,384.0,1.0,7.0
0.0,1919.0,8.0,2.0,685.0,2.0,8.0
96.0,1716.0,5.0,2.0,0.0,0.0,9.0
60.0,1716.0,5.0,1.0,281.0,1.0,8.0
29.0,2263.0,7.0,2.0,539.0,2.0,9.0
56.0,1644.0,6.0,1.0,418.0,2.0,7.0
22.0,1003.0,6.0,1.0,588.0,2.0,6.0
57.0,1558.0,5.0,1.0,282.0,1.0,6.0
10.0,1950.0,7.0,2.0,576.0,2.0,7.0
39.0,1743.0,6.0,1.0,539.0,2.0,7.0
53.0,1336.0,5.0,1.0,375.0,1.0,5.0
9.0,2452.0,8.0,2.0,683.0,2.0,9.0
5.0,1541.0,7.0,2.0,843.0,3.0,6.0
128.0,3493.0,7.0,3.0,870.0,3.0,10.0
3.0,2000.0,8.0,2.0,888.0,3.0,8.0
17.0,2243.0,7.0,2.0,746.0,3.0,8.0
88.0,1406.0,6.0,1.0,0.0,0.0,6.0
69.0,861.0,4.0,1.0,539.0,2.0,4.0
3.0,1944.0,9.0,2.0,708.0,3.0,8.0
13.0,1501.0,6.0,2.0,420.0,2.0,6.0
61.0,972.0,6.0,1.0,240.0,1.0,5.0
67.0,1118.0,5.0,1.0,410.0,2.0,5.0
44.0,2036.0,7.0,2.0,513.0,2.0,8.0
81.0,1641.0,7.0,1.0,546.0,2.0,6.0
5.0,1432.0,7.0,2.0,432.0,2.0,6.0
29.0,2353.0,7.0,2.0,484.0,2.0,10.0
1.0,1959.0,8.0,2.0,1025.0,3.0,8.0
16.0,2646.0,7.0,2.0,656.0,3.0,9.0
29.0,1472.0,7.0,2.0,588.0,2.0,6.0
0.0,2596.0,9.0,3.0,840.0,3.0,9.0
3.0,2468.0,8.0,2.0,872.0,3.0,10.0
21.0,2730.0,7.0,2.0,576.0,2.0,8.0
51.0,1163.0,3.0,1.0,220.0,1.0,6.0
43.0,2978.0,7.0,2.0,564.0,2.0,11.0
66.0,803.0,5.0,1.0,360.0,2.0,5.0
15.0,1719.0,8.0,1.0,473.0,2.0,6.0
46.0,1383.0,6.0,1.0,292.0,1.0,7.0
93.0,2134.0,6.0,2.0,441.0,2.0,10.0
89.0,1192.0,5.0,1.0,189.0,1.0,6.0
43.0,1728.0,5.0,2.0,352.0,1.0,10.0
49.0,1056.0,5.0,1.0,308.0,1.0,6.0
6.0,1629.0,8.0,2.0,880.0,3.0,7.0
4.0,1358.0,7.0,2.0,484.0,2.0,6.0
10.0,1638.0,6.0,2.0,472.0,2.0,7.0
43.0,1786.0,5.0,2.0,529.0,2.0,7.0
2.0,1922.0,9.0,2.0,676.0,3.0,8.0
6.0,1536.0,7.0,2.0,532.0,2.0,7.0
22.0,1621.0,7.0,2.0,440.0,2.0,8.0
51.0,1215.0,6.0,1.0,297.0,1.0,6.0
8.0,1908.0,8.0,2.0,431.0,2.0,9.0
59.0,841.0,4.0,1.0,294.0,1.0,4.0
57.0,1040.0,3.0,2.0,400.0,2.0,6.0
3.0,1684.0,9.0,2.0,564.0,2.0,6.0
34.0,1112.0,5.0,1.0,336.0,1.0,4.0
67.0,1577.0,6.0,1.0,312.0,1.0,6.0
47.0,958.0,6.0,1.0,301.0,1.0,5.0
49.0,1478.0,6.0,2.0,498.0,2.0,6.0
5.0,1626.0,7.0,2.0,474.0,2.0,6.0
1.0,2728.0,9.0,2.0,706.0,3.0,10.0
0.0,1869.0,9.0,2.0,617.0,2.0,6.0
67.0,1111.0,5.0,1.0,200.0,1.0,5.0
82.0,720.0,6.0,1.0,484.0,2.0,5.0
66.0,1595.0,6.0,1.0,240.0,1.0,6.0
12.0,1200.0,6.0,2.0,521.0,2.0,6.0
17.0,1167.0,6.0,2.0,400.0,2.0,6.0
31.0,1142.0,5.0,1.0,528.0,2.0,6.0
8.0,1924.0,8.0,2.0,592.0,2.0,7.0
29.0,912.0,6.0,1.0,470.0,2.0,5.0
68.0,1505.0,5.0,1.0,240.0,1.0,8.0
6.0,1922.0,7.0,3.0,672.0,2.0,7.0
37.0,987.0,6.0,1.0,264.0,1.0,5.0
30.0,1574.0,6.0,2.0,566.0,2.0,6.0
89.0,1344.0,5.0,1.0,468.0,1.0,6.0
46.0,1394.0,6.0,1.0,514.0,2.0,6.0
46.0,1431.0,6.0,1.0,296.0,1.0,6.0
56.0,1268.0,5.0,1.0,244.0,1.0,7.0
51.0,1287.0,5.0,1.0,576.0,2.0,7.0
6.0,1664.0,6.0,2.0,460.0,2.0,7.0
49.0,1588.0,4.0,2.0,680.0,2.0,7.0
26.0,752.0,6.0,1.0,264.0,1.0,4.0
56.0,1319.0,5.0,1.0,270.0,1.0,5.0
4.0,1928.0,7.0,2.0,434.0,2.0,8.0
87.0,904.0,1.0,0.0,0.0,0.0,4.0
10.0,914.0,5.0,1.0,576.0,2.0,5.0
3.0,2466.0,8.0,3.0,610.0,2.0,8.0
0.0,1856.0,9.0,1.0,834.0,3.0,8.0
9.0,1800.0,6.0,2.0,463.0,2.0,7.0
86.0,1691.0,5.0,2.0,308.0,1.0,6.0
0.0,1301.0,7.0,2.0,572.0,2.0,5.0
1.0,1797.0,7.0,2.0,639.0,2.0,8.0
81.0,784.0,6.0,1.0,360.0,2.0,5.0
15.0,1953.0,6.0,2.0,501.0,2.0,9.0
6.0,1269.0,8.0,2.0,430.0,2.0,6.0
96.0,1184.0,5.0,1.0,0.0,0.0,8.0
9.0,1479.0,7.0,2.0,577.0,2.0,6.0
1.0,2332.0,10.0,2.0,846.0,3.0,9.0
108.0,1367.0,5.0,1.0,384.0,1.0,7.0
8.0,1961.0,6.0,2.0,560.0,2.0,7.0
48.0,882.0,5.0,1.0,294.0,1.0,5.0
67.0,1034.0,5.0,1.0,240.0,1.0,5.0
54.0,1144.0,5.0,1.0,596.0,1.0,6.0
37.0,894.0,5.0,1.0,600.0,2.0,6.0
45.0,1812.0,5.0,2.0,264.0,1.0,8.0
3.0,1550.0,7.0,2.0,438.0,2.0,7.0
12.0,1288.0,8.0,1.0,500.0,2.0,4.0
1.0,1310.0,7.0,2.0,400.0,2.0,6.0
68.0,672.0,5.0,1.0,240.0,1.0,4.0
12.0,1572.0,6.0,2.0,373.0,2.0,7.0
33.0,1620.0,4.0,2.0,490.0,2.0,8.0
72.0,1639.0,6.0,1.0,240.0,1.0,6.0
93.0,1680.0,6.0,2.0,308.0,1.0,8.0
1.0,2172.0,7.0,2.0,947.0,3.0,9.0
1.0,2078.0,8.0,2.0,836.0,3.0,8.0
51.0,1056.0,5.0,1.0,572.0,2.0,5.0
1.0,1478.0,7.0,2.0,484.0,2.0,7.0
83.0,1028.0,5.0,1.0,360.0,2.0,5.0
15.0,2097.0,7.0,2.0,678.0,3.0,9.0
0.0,1340.0,7.0,2.0,396.0,2.0,6.0
28.0,1400.0,6.0,1.0,440.0,2.0,6.0
89.0,2624.0,6.0,2.0,864.0,3.0,10.0
67.0,1134.0,5.0,1.0,240.0,1.0,7.0
42.0,1056.0,5.0,1.0,304.0,1.0,6.0
11.0,1344.0,7.0,2.0,784.0,4.0,8.0
32.0,1602.0,6.0,2.0,529.0,2.0,8.0
54.0,988.0,5.0,1.0,520.0,2.0,4.0
10.0,2630.0,8.0,2.0,696.0,3.0,8.0
52.0,1196.0,6.0,1.0,297.0,1.0,6.0
63.0,1389.0,7.0,1.0,240.0,1.0,6.0
20.0,1644.0,7.0,2.0,569.0,2.0,5.0
51.0,907.0,4.0,1.0,352.0,1.0,5.0
0.0,1208.0,7.0,2.0,628.0,2.0,6.0
21.0,1412.0,6.0,2.0,576.0,2.0,6.0
36.0,1365.0,5.0,1.0,440.0,2.0,6.0
11.0,1604.0,6.0,2.0,470.0,2.0,7.0
36.0,630.0,4.0,1.0,0.0,0.0,3.0
13.0,1661.0,7.0,2.0,550.0,2.0,6.0
86.0,1118.0,6.0,1.0,440.0,2.0,6.0
83.0,904.0,6.0,1.0,180.0,1.0,4.0
94.0,694.0,5.0,1.0,352.0,1.0,4.0
89.0,1196.0,6.0,1.0,528.0,2.0,7.0
1.0,2402.0,10.0,2.0,672.0,3.0,10.0
53.0,1440.0,4.0,2.0,0.0,0.0,8.0
78.0,1573.0,5.0,2.0,360.0,2.0,8.0
1.0,1258.0,7.0,2.0,648.0,3.0,6.0
14.0,1908.0,7.0,2.0,493.0,2.0,8.0
53.0,1689.0,6.0,1.0,480.0,2.0,7.0
44.0,1888.0,6.0,2.0,578.0,2.0,6.0
8.0,1886.0,7.0,2.0,431.0,2.0,10.0
69.0,1376.0,6.0,2.0,198.0,1.0,7.0
59.0,1183.0,3.0,1.0,308.0,1.0,6.0
76.0,813.0,6.0,1.0,270.0,1.0,5.0
31.0,1533.0,7.0,2.0,576.0,2.0,5.0
11.0,1756.0,6.0,2.0,422.0,2.0,7.0
1.0,1590.0,8.0,2.0,676.0,2.0,6.0
34.0,1242.0,7.0,1.0,528.0,2.0,6.0
54.0,1663.0,4.0,1.0,529.0,2.0,6.0
83.0,1666.0,8.0,1.0,228.0,1.0,7.0
59.0,1203.0,5.0,1.0,352.0,1.0,5.0
0.0,1935.0,8.0,2.0,552.0,2.0,8.0
73.0,1135.0,7.0,1.0,576.0,2.0,6.0
44.0,864.0,5.0,1.0,360.0,1.0,5.0
74.0,1660.0,6.0,1.0,240.0,1.0,6.0
31.0,1040.0,5.0,2.0,0.0,0.0,5.0
2.0,1414.0,7.0,2.0,398.0,2.0,6.0
37.0,1277.0,7.0,1.0,526.0,2.0,5.0
65.0,1644.0,5.0,1.0,312.0,1.0,7.0
1.0,1634.0,8.0,2.0,866.0,3.0,7.0
15.0,1710.0,6.0,2.0,506.0,2.0,7.0
25.0,1502.0,8.0,1.0,528.0,2.0,4.0
30.0,1969.0,7.0,2.0,534.0,2.0,8.0
3.0,1072.0,6.0,1.0,525.0,2.0,5.0
1.0,1976.0,8.0,2.0,908.0,3.0,7.0
7.0,1652.0,8.0,2.0,499.0,2.0,6.0
44.0,970.0,5.0,1.0,624.0,2.0,5.0
11.0,1493.0,6.0,2.0,508.0,2.0,7.0
1.0,2643.0,9.0,2.0,694.0,3.0,9.0
2.0,1718.0,8.0,2.0,826.0,3.0,7.0
70.0,1131.0,4.0,1.0,672.0,2.0,7.0
2.0,1850.0,9.0,2.0,772.0,3.0,8.0
3.0,1792.0,9.0,2.0,874.0,3.0,6.0
94.0,1826.0,7.0,1.0,164.0,1.0,7.0
8.0,1216.0,6.0,2.0,402.0,2.0,5.0
45.0,999.0,5.0,1.0,264.0,1.0,6.0
59.0,1113.0,5.0,1.0,264.0,1.0,5.0
42.0,1073.0,5.0,1.0,515.0,2.0,6.0
36.0,1484.0,5.0,2.0,487.0,2.0,7.0
106.0,2414.0,5.0,2.0,520.0,2.0,10.0
39.0,630.0,4.0,1.0,286.0,1.0,3.0
32.0,1304.0,5.0,1.0,336.0,1.0,4.0
65.0,1578.0,6.0,1.0,240.0,1.0,5.0
0.0,1456.0,6.0,2.0,429.0,2.0,8.0
48.0,1269.0,5.0,1.0,308.0,1.0,6.0
71.0,886.0,5.0,1.0,273.0,1.0,4.0
15.0,3228.0,8.0,3.0,546.0,2.0,10.0
83.0,1820.0,7.0,2.0,240.0,1.0,8.0
42.0,899.0,5.0,1.0,288.0,1.0,5.0
49.0,912.0,5.0,1.0,297.0,1.0,5.0
34.0,1218.0,6.0,1.0,264.0,1.0,7.0
3.0,1768.0,7.0,2.0,603.0,2.0,7.0
42.0,1214.0,5.0,1.0,461.0,2.0,6.0
51.0,1801.0,7.0,2.0,484.0,2.0,6.0
35.0,1322.0,6.0,2.0,440.0,2.0,6.0
57.0,1960.0,5.0,2.0,400.0,2.0,10.0
13.0,1911.0,8.0,2.0,471.0,2.0,8.0
0.0,1218.0,6.0,2.0,676.0,2.0,4.0
80.0,1378.0,7.0,2.0,360.0,2.0,7.0
50.0,1041.0,5.0,1.0,270.0,1.0,6.0
58.0,1363.0,5.0,1.0,288.0,1.0,6.0
1.0,1368.0,7.0,2.0,474.0,2.0,6.0
48.0,864.0,5.0,1.0,624.0,2.0,5.0
24.0,1080.0,6.0,1.0,484.0,2.0,5.0
81.0,789.0,5.0,1.0,200.0,1.0,5.0
0.0,2020.0,10.0,2.0,900.0,3.0,9.0
13.0,2344.0,7.0,2.0,889.0,3.0,7.0
9.0,1796.0,6.0,2.0,546.0,2.0,7.0
83.0,2080.0,7.0,1.0,282.0,1.0,9.0
108.0,1294.0,4.0,2.0,0.0,0.0,7.0
50.0,1244.0,6.0,1.0,336.0,1.0,6.0
59.0,1664.0,6.0,2.0,420.0,2.0,7.0
0.0,4676.0,10.0,3.0,884.0,3.0,11.0
11.0,2398.0,7.0,2.0,834.0,3.0,8.0
1.0,1266.0,7.0,2.0,453.0,2.0,6.0
51.0,928.0,5.0,1.0,252.0,1.0,4.0
0.0,2713.0,9.0,2.0,858.0,3.0,11.0
87.0,605.0,4.0,1.0,0.0,0.0,5.0
50.0,2515.0,6.0,3.0,484.0,2.0,9.0
88.0,1362.0,6.0,2.0,502.0,2.0,6.0
55.0,827.0,5.0,1.0,392.0,1.0,5.0
61.0,334.0,1.0,1.0,0.0,0.0,2.0
2.0,1414.0,8.0,2.0,403.0,2.0,6.0
98.0,1347.0,5.0,1.0,0.0,0.0,5.0
10.0,1724.0,7.0,2.0,527.0,2.0,8.0
36.0,864.0,4.0,1.0,576.0,2.0,5.0
38.0,1159.0,5.0,1.0,336.0,1.0,7.0
9.0,1601.0,8.0,2.0,670.0,2.0,6.0
3.0,1838.0,9.0,2.0,765.0,3.0,8.0
7.0,2285.0,8.0,2.0,648.0,3.0,8.0
11.0,1680.0,7.0,2.0,583.0,2.0,7.0
9.0,767.0,7.0,1.0,367.0,1.0,4.0
0.0,1496.0,7.0,2.0,426.0,2.0,7.0
18.0,2183.0,7.0,2.0,786.0,3.0,9.0
84.0,1635.0,6.0,1.0,440.0,2.0,6.0
37.0,768.0,5.0,1.0,624.0,2.0,5.0
53.0,825.0,5.0,1.0,720.0,2.0,4.0
6.0,2094.0,7.0,2.0,615.0,2.0,8.0
51.0,928.0,5.0,1.0,288.0,1.0,5.0
3.0,1717.0,8.0,2.0,908.0,3.0,7.0
60.0,1126.0,4.0,2.0,520.0,2.0,5.0
5.0,2046.0,7.0,2.0,871.0,3.0,8.0
84.0,1048.0,5.0,1.0,280.0,1.0,5.0
49.0,1092.0,5.0,1.0,299.0,1.0,6.0
12.0,1446.0,7.0,2.0,406.0,2.0,6.0
3.0,1557.0,7.0,2.0,420.0,2.0,7.0
53.0,1392.0,5.0,1.0,528.0,2.0,5.0
32.0,1389.0,5.0,1.0,418.0,2.0,6.0
68.0,996.0,5.0,1.0,0.0,0.0,6.0
90.0,1674.0,6.0,2.0,396.0,2.0,8.0
14.0,2295.0,7.0,2.0,590.0,2.0,9.0
95.0,1647.0,6.0,1.0,216.0,1.0,6.0
3.0,2504.0,9.0,2.0,656.0,3.0,11.0
6.0,1535.0,7.0,2.0,532.0,2.0,7.0
26.0,2132.0,8.0,1.0,612.0,2.0,5.0
27.0,943.0,5.0,1.0,600.0,2.0,4.0
43.0,1728.0,5.0,2.0,576.0,2.0,10.0
0.0,1692.0,7.0,2.0,650.0,2.0,6.0
7.0,1430.0,7.0,2.0,400.0,2.0,8.0
36.0,1109.0,5.0,1.0,288.0,1.0,5.0
81.0,1477.0,7.0,2.0,216.0,1.0,6.0
54.0,1795.0,5.0,2.0,352.0,1.0,7.0
47.0,1429.0,6.0,1.0,572.0,2.0,7.0
1.0,2042.0,8.0,2.0,1390.0,3.0,8.0
17.0,816.0,6.0,1.0,0.0,0.0,5.0
115.0,2775.0,10.0,3.0,880.0,2.0,9.0
74.0,1573.0,4.0,1.0,240.0,1.0,6.0
1.0,2028.0,8.0,2.0,880.0,3.0,7.0
90.0,838.0,6.0,1.0,275.0,1.0,5.0
27.0,860.0,5.0,1.0,528.0,2.0,4.0
41.0,1473.0,5.0,1.0,452.0,1.0,5.0
78.0,935.0,5.0,1.0,308.0,1.0,4.0
4.0,1582.0,7.0,2.0,520.0,2.0,6.0
1.0,2296.0,10.0,2.0,842.0,3.0,10.0
26.0,816.0,5.0,1.0,816.0,2.0,4.0
6.0,848.0,6.0,1.0,420.0,2.0,4.0
33.0,924.0,5.0,1.0,280.0,1.0,5.0
1.0,1826.0,8.0,2.0,758.0,3.0,7.0
96.0,1368.0,6.0,1.0,216.0,1.0,7.0
1.0,1402.0,7.0,0.0,648.0,3.0,7.0
29.0,1647.0,5.0,2.0,621.0,2.0,7.0
28.0,1556.0,6.0,2.0,452.0,2.0,6.0
1.0,1904.0,8.0,2.0,736.0,2.0,8.0
70.0,1375.0,6.0,1.0,544.0,1.0,6.0
6.0,1200.0,7.0,2.0,480.0,2.0,4.0
6.0,1494.0,7.0,2.0,530.0,2.0,6.0
44.0,1986.0,7.0,2.0,486.0,2.0,7.0
13.0,1040.0,5.0,1.0,576.0,2.0,6.0
58.0,2008.0,5.0,3.0,230.0,1.0,8.0
73.0,3194.0,8.0,2.0,380.0,2.0,10.0
46.0,1029.0,4.0,1.0,261.0,1.0,5.0
9.0,2153.0,9.0,2.0,736.0,3.0,8.0
29.0,1032.0,6.0,2.0,564.0,2.0,6.0
8.0,1872.0,8.0,2.0,531.0,2.0,7.0
0.0,1120.0,5.0,1.0,0.0,0.0,6.0
38.0,630.0,4.0,1.0,0.0,0.0,3.0
4.0,1509.0,6.0,2.0,393.0,2.0,7.0
54.0,832.0,6.0,1.0,528.0,2.0,4.0
0.0,1828.0,9.0,2.0,774.0,3.0,9.0
5.0,2262.0,8.0,2.0,749.0,3.0,10.0
94.0,864.0,3.0,1.0,0.0,0.0,5.0
34.0,2614.0,6.0,2.0,624.0,2.0,9.0
32.0,980.0,5.0,1.0,484.0,2.0,6.0
7.0,1512.0,6.0,2.0,440.0,2.0,4.0
34.0,1790.0,6.0,1.0,484.0,2.0,8.0
48.0,1116.0,6.0,1.0,440.0,2.0,5.0
47.0,1422.0,5.0,1.0,286.0,1.0,6.0
55.0,1520.0,6.0,1.0,364.0,1.0,7.0
44.0,1350.0,6.0,1.0,520.0,2.0,6.0
1.0,1554.0,8.0,2.0,627.0,2.0,6.0
53.0,1056.0,5.0,1.0,260.0,1.0,6.0
30.0,1056.0,6.0,0.0,576.0,2.0,4.0
73.0,800.0,2.0,1.0,0.0,0.0,4.0
55.0,1387.0,5.0,2.0,256.0,1.0,7.0
98.0,796.0,5.0,1.0,0.0,0.0,4.0
0.0,1567.0,8.0,2.0,648.0,3.0,7.0
5.0,1518.0,8.0,1.0,588.0,2.0,6.0
6.0,1929.0,7.0,2.0,650.0,2.0,7.0
37.0,2704.0,8.0,2.0,538.0,2.0,9.0
38.0,1620.0,5.0,2.0,462.0,2.0,7.0
0.0,1766.0,9.0,2.0,478.0,3.0,7.0
36.0,981.0,6.0,1.0,576.0,2.0,5.0
58.0,1048.0,5.0,1.0,420.0,2.0,7.0
55.0,1094.0,6.0,1.0,495.0,2.0,5.0
44.0,1839.0,6.0,1.0,442.0,2.0,7.0
37.0,630.0,4.0,1.0,0.0,0.0,3.0
1.0,1665.0,7.0,2.0,562.0,2.0,7.0
69.0,1510.0,4.0,1.0,296.0,1.0,7.0
13.0,1716.0,7.0,2.0,512.0,2.0,7.0
102.0,1469.0,6.0,1.0,216.0,1.0,7.0
13.0,2113.0,8.0,2.0,839.0,3.0,7.0
49.0,1053.0,5.0,1.0,312.0,1.0,5.0
77.0,1502.0,7.0,1.0,270.0,1.0,6.0
45.0,1486.0,5.0,1.0,480.0,2.0,7.0
31.0,1935.0,7.0,2.0,550.0,2.0,7.0
15.0,2448.0,8.0,2.0,711.0,3.0,8.0
41.0,1392.0,6.0,1.0,576.0,2.0,5.0
36.0,1181.0,4.0,2.0,588.0,2.0,6.0
1.0,2097.0,8.0,1.0,1134.0,3.0,8.0
6.0,1936.0,8.0,2.0,504.0,2.0,7.0
14.0,1679.0,6.0,2.0,575.0,2.0,7.0
50.0,1437.0,5.0,1.0,576.0,2.0,6.0
84.0,1180.0,4.0,1.0,252.0,1.0,5.0
4.0,1476.0,6.0,2.0,540.0,2.0,7.0
84.0,1369.0,6.0,2.0,300.0,1.0,6.0
29.0,1208.0,6.0,1.0,546.0,2.0,6.0
50.0,1839.0,6.0,2.0,416.0,2.0,7.0
43.0,1136.0,6.0,1.0,384.0,1.0,5.0
31.0,1441.0,6.0,2.0,440.0,2.0,7.0
106.0,1774.0,4.0,2.0,779.0,3.0,8.0
85.0,792.0,5.0,1.0,240.0,1.0,5.0
1.0,2046.0,8.0,2.0,834.0,3.0,7.0
46.0,988.0,5.0,1.0,572.0,2.0,5.0
30.0,923.0,6.0,2.0,264.0,1.0,5.0
12.0,1291.0,6.0,1.0,431.0,2.0,6.0
5.0,1668.0,9.0,2.0,702.0,3.0,7.0
12.0,1839.0,7.0,2.0,486.0,2.0,7.0
23.0,2090.0,7.0,2.0,577.0,2.0,6.0
0.0,1761.0,7.0,3.0,578.0,2.0,7.0
3.0,1102.0,7.0,2.0,480.0,2.0,4.0
0.0,1419.0,8.0,2.0,567.0,2.0,7.0
2.0,1362.0,6.0,2.0,460.0,2.0,6.0
4.0,848.0,6.0,1.0,420.0,2.0,3.0
13.0,4316.0,10.0,3.0,832.0,3.0,10.0
17.0,2519.0,7.0,2.0,628.0,2.0,9.0
73.0,1539.0,5.0,1.0,576.0,2.0,5.0
19.0,1137.0,6.0,2.0,551.0,2.0,5.0
85.0,616.0,5.0,1.0,205.0,1.0,4.0
54.0,1148.0,5.0,1.0,308.0,1.0,6.0
45.0,894.0,5.0,1.0,336.0,1.0,5.0
4.0,1391.0,7.0,2.0,530.0,2.0,5.0
4.0,1800.0,8.0,2.0,765.0,3.0,7.0
37.0,1164.0,7.0,1.0,528.0,2.0,6.0
0.0,2576.0,8.0,2.0,666.0,3.0,10.0
110.0,1812.0,5.0,2.0,672.0,2.0,8.0
6.0,1484.0,7.0,2.0,606.0,2.0,7.0
80.0,1092.0,4.0,2.0,0.0,0.0,7.0
36.0,1824.0,7.0,2.0,739.0,2.0,5.0
3.0,1324.0,8.0,2.0,550.0,2.0,6.0
0.0,1456.0,7.0,2.0,400.0,2.0,8.0
73.0,729.0,3.0,1.0,0.0,0.0,5.0
20.0,1228.0,8.0,2.0,472.0,2.0,5.0
36.0,960.0,4.0,1.0,576.0,2.0,6.0
34.0,1479.0,6.0,2.0,475.0,2.0,6.0
35.0,1350.0,6.0,2.0,478.0,2.0,7.0
117.0,2554.0,7.0,1.0,704.0,2.0,8.0
35.0,1178.0,5.0,1.0,439.0,2.0,5.0
15.0,2418.0,7.0,2.0,983.0,3.0,9.0
37.0,971.0,5.0,1.0,300.0,1.0,5.0
21.0,1742.0,8.0,2.0,564.0,2.0,5.0
6.0,848.0,6.0,1.0,420.0,2.0,3.0
39.0,864.0,4.0,1.0,463.0,2.0,5.0
54.0,1470.0,4.0,2.0,548.0,1.0,7.0
2.0,1698.0,9.0,2.0,768.0,3.0,8.0
39.0,864.0,4.0,1.0,660.0,2.0,5.0
21.0,1680.0,6.0,2.0,540.0,2.0,5.0
2.0,1232.0,7.0,2.0,632.0,2.0,6.0
84.0,1208.0,4.0,1.0,539.0,2.0,5.0
15.0,1616.0,8.0,2.0,608.0,2.0,5.0
4.0,1146.0,7.0,2.0,438.0,2.0,6.0
10.0,2031.0,7.0,2.0,541.0,2.0,8.0
48.0,1144.0,5.0,1.0,264.0,1.0,6.0
92.0,1768.0,7.0,1.0,320.0,2.0,6.0
56.0,1040.0,3.0,2.0,400.0,2.0,6.0
1.0,1801.0,8.0,2.0,800.0,3.0,8.0
22.0,1200.0,5.0,3.0,0.0,0.0,5.0
5.0,1728.0,7.0,2.0,572.0,2.0,7.0
47.0,912.0,6.0,1.0,288.0,1.0,5.0
7.0,1349.0,7.0,2.0,539.0,2.0,6.0
46.0,1464.0,5.0,2.0,480.0,2.0,6.0
15.0,1337.0,8.0,2.0,462.0,2.0,5.0
32.0,2715.0,8.0,3.0,831.0,2.0,11.0
9.0,2256.0,7.0,2.0,554.0,2.0,8.0
129.0,2640.0,7.0,1.0,864.0,4.0,8.0
14.0,1720.0,7.0,2.0,527.0,2.0,7.0
64.0,1529.0,4.0,2.0,240.0,1.0,9.0
100.0,1140.0,4.0,1.0,0.0,0.0,7.0
4.0,1320.0,7.0,2.0,400.0,2.0,6.0
9.0,1494.0,6.0,2.0,576.0,2.0,6.0
1.0,2098.0,8.0,2.0,878.0,3.0,8.0
40.0,1026.0,6.0,1.0,440.0,2.0,5.0
10.0,1471.0,6.0,2.0,440.0,2.0,6.0
2.0,1768.0,8.0,2.0,578.0,2.0,7.0
9.0,1501.0,7.0,2.0,440.0,2.0,6.0
12.0,2531.0,8.0,2.0,752.0,3.0,9.0
50.0,864.0,6.0,1.0,300.0,1.0,5.0
85.0,1301.0,5.0,1.0,440.0,2.0,5.0
1.0,1547.0,7.0,2.0,614.0,2.0,7.0
10.0,2365.0,8.0,2.0,856.0,3.0,8.0
11.0,1494.0,8.0,1.0,481.0,2.0,6.0
0.0,1506.0,9.0,2.0,592.0,2.0,6.0
22.0,1714.0,7.0,2.0,496.0,2.0,7.0
68.0,1750.0,6.0,2.0,423.0,1.0,7.0
2.0,1836.0,7.0,2.0,484.0,2.0,8.0
7.0,3279.0,8.0,3.0,841.0,3.0,12.0
27.0,858.0,5.0,1.0,576.0,2.0,5.0
55.0,1220.0,4.0,1.0,396.0,2.0,6.0
49.0,912.0,5.0,1.0,275.0,1.0,5.0
1.0,1973.0,8.0,2.0,895.0,3.0,9.0
11.0,1204.0,6.0,2.0,412.0,2.0,5.0
1.0,1614.0,7.0,2.0,865.0,3.0,7.0
32.0,894.0,5.0,1.0,440.0,2.0,5.0
30.0,2020.0,5.0,2.0,630.0,2.0,10.0
29.0,1004.0,6.0,1.0,504.0,2.0,4.0
12.0,1253.0,7.0,2.0,402.0,2.0,6.0
14.0,1603.0,6.0,2.0,484.0,2.0,7.0
8.0,1430.0,7.0,2.0,605.0,2.0,6.0
31.0,1110.0,5.0,1.0,602.0,2.0,4.0
94.0,1484.0,6.0,2.0,0.0,0.0,9.0
42.0,1342.0,6.0,2.0,457.0,2.0,7.0
95.0,1652.0,5.0,2.0,416.0,1.0,7.0
6.0,2084.0,7.0,2.0,618.0,2.0,8.0
54.0,901.0,4.0,1.0,281.0,1.0,4.0
41.0,2087.0,6.0,2.0,444.0,2.0,9.0
4.0,1145.0,7.0,2.0,397.0,2.0,5.0
31.0,1062.0,6.0,1.0,539.0,2.0,5.0
11.0,2013.0,7.0,2.0,455.0,2.0,8.0
0.0,1496.0,8.0,2.0,474.0,2.0,7.0
14.0,1895.0,7.0,2.0,409.0,2.0,7.0
30.0,1564.0,6.0,2.0,476.0,2.0,7.0
30.0,1285.0,6.0,1.0,528.0,2.0,7.0
1.0,3140.0,9.0,3.0,820.0,3.0,11.0
70.0,1768.0,5.0,1.0,240.0,1.0,7.0
11.0,1688.0,6.0,2.0,603.0,2.0,8.0
91.0,1196.0,4.0,1.0,440.0,2.0,5.0
3.0,1456.0,7.0,2.0,410.0,2.0,7.0
1.0,2822.0,9.0,3.0,1020.0,3.0,12.0
0.0,1428.0,7.0,2.0,554.0,2.0,6.0
39.0,980.0,5.0,2.0,384.0,1.0,6.0
86.0,1576.0,5.0,1.0,528.0,2.0,6.0
40.0,1086.0,5.0,1.0,484.0,2.0,6.0
111.0,2138.0,5.0,2.0,360.0,2.0,11.0
32.0,1309.0,6.0,1.0,484.0,2.0,5.0
4.0,848.0,6.0,1.0,420.0,2.0,4.0
49.0,1442.0,6.0,1.0,301.0,1.0,7.0
88.0,1250.0,5.0,1.0,280.0,1.0,7.0
12.0,1661.0,7.0,2.0,598.0,2.0,6.0
52.0,1008.0,5.0,1.0,275.0,1.0,4.0
6.0,1689.0,8.0,2.0,857.0,3.0,7.0
39.0,1052.0,6.0,1.0,440.0,2.0,6.0
1.0,1358.0,7.0,2.0,484.0,2.0,6.0
5.0,1640.0,7.0,2.0,595.0,2.0,6.0
56.0,936.0,4.0,1.0,576.0,2.0,4.0
69.0,1489.0,6.0,2.0,240.0,1.0,7.0
0.0,1489.0,8.0,2.0,776.0,2.0,7.0
1.0,2084.0,10.0,2.0,1220.0,3.0,7.0
84.0,784.0,5.0,1.0,0.0,0.0,5.0
8.0,1434.0,7.0,2.0,527.0,2.0,6.0
1.0,1223.0,7.0,2.0,480.0,2.0,4.0
51.0,1392.0,6.0,1.0,458.0,2.0,6.0
1.0,1200.0,7.0,2.0,480.0,2.0,4.0
7.0,1829.0,7.0,2.0,613.0,2.0,7.0
45.0,1516.0,6.0,1.0,472.0,2.0,6.0
47.0,1144.0,5.0,1.0,456.0,2.0,6.0
60.0,1067.0,4.0,2.0,436.0,2.0,4.0
59.0,1559.0,5.0,1.0,812.0,2.0,5.0
35.0,987.0,6.0,1.0,264.0,1.0,5.0
13.0,1099.0,5.0,1.0,352.0,1.0,6.0
62.0,1200.0,5.0,1.0,240.0,1.0,6.0
83.0,1482.0,6.0,2.0,400.0,1.0,7.0
104.0,1539.0,5.0,2.0,686.0,2.0,8.0
42.0,1165.0,6.0,1.0,490.0,2.0,6.0
46.0,1800.0,5.0,2.0,0.0,0.0,10.0
93.0,1416.0,5.0,1.0,720.0,3.0,7.0
32.0,1701.0,5.0,2.0,611.0,2.0,6.0
16.0,1775.0,7.0,2.0,425.0,2.0,7.0
37.0,864.0,5.0,1.0,338.0,1.0,5.0
100.0,2358.0,6.0,3.0,360.0,2.0,10.0
31.0,1855.0,6.0,2.0,512.0,2.0,7.0
4.0,848.0,6.0,1.0,420.0,2.0,3.0
3.0,1456.0,8.0,2.0,400.0,2.0,7.0
66.0,1646.0,7.0,2.0,240.0,1.0,7.0
45.0,1445.0,6.0,1.0,645.0,2.0,7.0
48.0,1040.0,5.0,1.0,260.0,1.0,6.0
30.0,1026.0,6.0,1.0,576.0,2.0,5.0
15.0,1481.0,6.0,2.0,343.0,2.0,6.0
38.0,2654.0,6.0,2.0,619.0,2.0,9.0
89.0,1426.0,7.0,1.0,216.0,1.0,7.0
45.0,1039.0,5.0,1.0,504.0,2.0,6.0
26.0,1097.0,6.0,2.0,480.0,2.0,6.0
50.0,1148.0,5.0,1.0,672.0,1.0,6.0
1.0,1372.0,7.0,2.0,529.0,2.0,6.0
39.0,1002.0,5.0,1.0,902.0,2.0,5.0
1.0,1646.0,8.0,2.0,870.0,3.0,6.0
46.0,1120.0,4.0,1.0,544.0,2.0,5.0
58.0,2320.0,5.0,2.0,672.0,2.0,7.0
17.0,1949.0,7.0,2.0,574.0,2.0,8.0
47.0,894.0,5.0,1.0,308.0,1.0,5.0
12.0,1682.0,6.0,2.0,523.0,2.0,7.0
55.0,910.0,5.0,1.0,414.0,2.0,5.0
60.0,1268.0,5.0,1.0,288.0,1.0,6.0
0.0,2610.0,8.0,2.0,550.0,2.0,11.0
44.0,1040.0,4.0,1.0,648.0,2.0,5.0
5.0,2224.0,9.0,2.0,738.0,3.0,10.0
49.0,1155.0,5.0,1.0,576.0,2.0,6.0
31.0,864.0,5.0,1.0,336.0,1.0,6.0
2.0,1090.0,5.0,1.0,450.0,2.0,5.0
17.0,1717.0,7.0,2.0,400.0,2.0,7.0
17.0,1593.0,6.0,2.0,389.0,2.0,7.0
94.0,2230.0,4.0,1.0,440.0,1.0,10.0
42.0,892.0,5.0,1.0,288.0,1.0,5.0
53.0,1393.0,5.0,1.0,300.0,1.0,8.0
37.0,2217.0,8.0,2.0,621.0,2.0,8.0
56.0,1505.0,6.0,1.0,505.0,2.0,6.0
58.0,924.0,5.0,1.0,576.0,2.0,6.0
31.0,1683.0,6.0,2.0,440.0,2.0,7.0
43.0,1068.0,6.0,1.0,264.0,1.0,6.0
54.0,1383.0,5.0,1.0,354.0,1.0,6.0
30.0,1535.0,5.0,2.0,400.0,2.0,8.0
45.0,1796.0,6.0,1.0,483.0,2.0,8.0
30.0,2240.0,5.0,2.0,528.0,2.0,12.0
1.0,2364.0,9.0,2.0,820.0,3.0,11.0
45.0,1236.0,5.0,1.0,288.0,1.0,6.0
36.0,858.0,4.0,1.0,684.0,1.0,4.0
52.0,1306.0,5.0,1.0,756.0,1.0,5.0
3.0,1509.0,7.0,2.0,393.0,2.0,8.0
0.0,1670.0,7.0,2.0,690.0,3.0,7.0
40.0,902.0,5.0,1.0,288.0,1.0,6.0
56.0,1063.0,5.0,1.0,280.0,1.0,6.0
1.0,1636.0,8.0,2.0,865.0,3.0,8.0
70.0,2057.0,7.0,1.0,180.0,1.0,6.0
23.0,902.0,5.0,1.0,484.0,2.0,5.0
4.0,1484.0,6.0,2.0,390.0,2.0,8.0
50.0,2274.0,5.0,2.0,480.0,2.0,12.0
32.0,1268.0,5.0,1.0,252.0,1.0,5.0
58.0,2002.0,5.0,2.0,871.0,3.0,8.0
0.0,1224.0,6.0,2.0,528.0,2.0,4.0
37.0,1092.0,4.0,1.0,286.0,1.0,6.0
53.0,1229.0,4.0,1.0,284.0,1.0,6.0
16.0,2127.0,7.0,2.0,833.0,3.0,8.0
50.0,1414.0,6.0,1.0,601.0,2.0,6.0
13.0,1721.0,6.0,2.0,471.0,2.0,7.0
108.0,2200.0,5.0,2.0,0.0,0.0,9.0
1.0,1316.0,6.0,2.0,397.0,2.0,6.0
15.0,1617.0,6.0,2.0,533.0,2.0,5.0
26.0,1686.0,6.0,2.0,612.0,2.0,7.0
4.0,2374.0,8.0,2.0,656.0,3.0,10.0
40.0,1978.0,7.0,2.0,486.0,2.0,9.0
8.0,1788.0,8.0,2.0,522.0,2.0,7.0
9.0,2236.0,7.0,2.0,642.0,2.0,8.0
2.0,1466.0,8.0,2.0,610.0,3.0,7.0
44.0,925.0,5.0,1.0,429.0,1.0,5.0
1.0,1905.0,9.0,2.0,788.0,3.0,8.0
5.0,1500.0,7.0,2.0,570.0,2.0,6.0
48.0,2069.0,7.0,2.0,505.0,2.0,9.0
80.0,747.0,4.0,1.0,528.0,2.0,5.0
6.0,1200.0,7.0,2.0,555.0,2.0,5.0
4.0,1971.0,7.0,2.0,689.0,2.0,8.0
0.0,1962.0,7.0,2.0,868.0,3.0,7.0
70.0,2403.0,7.0,2.0,349.0,1.0,10.0
30.0,1728.0,6.0,2.0,574.0,2.0,8.0
10.0,2060.0,7.0,2.0,390.0,2.0,8.0
40.0,1632.0,5.0,2.0,576.0,2.0,8.0
119.0,1869.0,5.0,1.0,456.0,2.0,7.0
47.0,1144.0,5.0,1.0,796.0,1.0,6.0
5.0,1629.0,8.0,2.0,808.0,3.0,9.0
4.0,1776.0,7.0,2.0,474.0,2.0,7.0
38.0,1381.0,6.0,1.0,676.0,2.0,5.0
57.0,864.0,5.0,1.0,720.0,2.0,5.0
37.0,768.0,5.0,1.0,396.0,1.0,5.0
39.0,1968.0,5.0,2.0,530.0,2.0,7.0
31.0,980.0,6.0,2.0,0.0,0.0,4.0
61.0,1958.0,6.0,2.0,492.0,2.0,8.0
29.0,1229.0,6.0,1.0,462.0,2.0,5.0
45.0,1057.0,5.0,1.0,576.0,2.0,6.0
4.0,1337.0,7.0,2.0,531.0,2.0,6.0
11.0,1416.0,7.0,2.0,484.0,2.0,6.0
52.0,858.0,5.0,1.0,0.0,0.0,4.0
31.0,2872.0,6.0,2.0,619.0,2.0,11.0
31.0,1548.0,6.0,2.0,440.0,2.0,7.0
2.0,1800.0,9.0,2.0,702.0,2.0,7.0
8.0,1894.0,7.0,2.0,510.0,2.0,8.0
2.0,1484.0,6.0,2.0,393.0,2.0,8.0
69.0,1308.0,5.0,1.0,256.0,1.0,7.0
53.0,1098.0,5.0,1.0,260.0,1.0,6.0
48.0,1095.0,6.0,1.0,264.0,1.0,6.0
6.0,1626.0,7.0,2.0,474.0,2.0,6.0
31.0,918.0,6.0,2.0,264.0,1.0,5.0
1.0,1428.0,7.0,2.0,480.0,2.0,6.0
99.0,2019.0,7.0,1.0,532.0,2.0,8.0
6.0,1382.0,7.0,2.0,490.0,2.0,6.0
83.0,869.0,4.0,1.0,0.0,0.0,4.0
1.0,1241.0,7.0,1.0,569.0,2.0,4.0
46.0,1121.0,5.0,1.0,480.0,2.0,5.0
47.0,999.0,7.0,1.0,588.0,2.0,6.0
11.0,2612.0,8.0,2.0,676.0,3.0,8.0
1.0,1266.0,7.0,2.0,388.0,2.0,6.0
6.0,2290.0,8.0,2.0,779.0,2.0,9.0
32.0,1734.0,5.0,2.0,539.0,2.0,8.0
58.0,1164.0,5.0,1.0,240.0,1.0,5.0
96.0,1635.0,6.0,1.0,255.0,1.0,5.0
1.0,1940.0,9.0,2.0,606.0,3.0,8.0
31.0,2030.0,6.0,2.0,551.0,2.0,8.0
0.0,1576.0,7.0,2.0,614.0,2.0,6.0
9.0,2392.0,8.0,2.0,870.0,3.0,7.0
127.0,1742.0,8.0,1.0,424.0,2.0,8.0
43.0,1851.0,6.0,2.0,440.0,2.0,7.0
1.0,1500.0,6.0,2.0,564.0,2.0,6.0
3.0,1718.0,10.0,2.0,786.0,3.0,7.0
45.0,1050.0,5.0,1.0,368.0,1.0,6.0
39.0,1442.0,6.0,2.0,615.0,2.0,6.0
84.0,1077.0,3.0,1.0,210.0,1.0,6.0
4.0,1208.0,7.0,2.0,632.0,2.0,6.0
57.0,944.0,3.0,1.0,528.0,2.0,4.0
2.0,1574.0,8.0,2.0,824.0,3.0,7.0
31.0,1680.0,5.0,2.0,528.0,2.0,8.0
4.0,1504.0,7.0,2.0,457.0,2.0,7.0
31.0,985.0,5.0,2.0,328.0,1.0,6.0
37.0,1657.0,6.0,2.0,484.0,2.0,7.0
39.0,1092.0,4.0,1.0,286.0,1.0,6.0
5.0,1710.0,7.0,2.0,550.0,2.0,7.0
80.0,1522.0,5.0,2.0,0.0,0.0,7.0
60.0,1271.0,5.0,2.0,312.0,1.0,7.0
45.0,1664.0,5.0,2.0,0.0,0.0,8.0
84.0,1502.0,6.0,1.0,180.0,1.0,7.0
99.0,1022.0,5.0,1.0,280.0,1.0,4.0
59.0,1082.0,6.0,1.0,240.0,1.0,5.0
8.0,1665.0,8.0,2.0,528.0,2.0,6.0
13.0,1504.0,7.0,2.0,478.0,2.0,6.0
16.0,1472.0,7.0,2.0,402.0,2.0,7.0
1.0,1506.0,7.0,2.0,440.0,2.0,6.0
3.0,1132.0,4.0,1.0,451.0,2.0,5.0
0.0,1220.0,7.0,2.0,632.0,2.0,6.0
77.0,1248.0,5.0,1.0,160.0,1.0,6.0
3.0,1504.0,7.0,2.0,437.0,2.0,7.0
35.0,882.0,5.0,1.0,461.0,2.0,5.0
50.0,1264.0,5.0,1.0,461.0,2.0,6.0
1.0,1646.0,8.0,2.0,800.0,3.0,7.0
66.0,1376.0,5.0,1.0,240.0,1.0,6.0
34.0,1218.0,6.0,1.0,264.0,1.0,7.0
90.0,1928.0,5.0,2.0,0.0,0.0,10.0
89.0,3082.0,7.0,2.0,672.0,2.0,12.0
4.0,1654.0,7.0,2.0,900.0,3.0,6.0
69.0,954.0,5.0,1.0,240.0,1.0,5.0
52.0,845.0,4.0,1.0,290.0,1.0,5.0
2.0,1620.0,9.0,2.0,912.0,3.0,6.0
7.0,2263.0,8.0,2.0,905.0,2.0,7.0
39.0,1344.0,4.0,1.0,0.0,0.0,6.0
39.0,630.0,4.0,1.0,286.0,1.0,3.0
49.0,1803.0,5.0,2.0,484.0,2.0,8.0
42.0,1632.0,6.0,1.0,484.0,2.0,7.0
4.0,1306.0,6.0,2.0,624.0,2.0,5.0
18.0,2329.0,7.0,2.0,514.0,2.0,10.0
28.0,2524.0,8.0,2.0,542.0,2.0,9.0
54.0,1733.0,3.0,2.0,452.0,2.0,8.0
1.0,2868.0,9.0,3.0,716.0,3.0,11.0
14.0,990.0,5.0,1.0,672.0,2.0,5.0
49.0,1771.0,5.0,1.0,336.0,2.0,9.0
0.0,1302.0,7.0,2.0,436.0,2.0,6.0
0.0,1316.0,7.0,2.0,440.0,2.0,6.0
43.0,1977.0,6.0,1.0,540.0,2.0,9.0
53.0,1526.0,5.0,1.0,364.0,1.0,7.0
4.0,1989.0,8.0,2.0,586.0,2.0,7.0
1.0,1364.0,7.0,2.0,484.0,2.0,6.0
15.0,1850.0,7.0,2.0,467.0,2.0,7.0
1.0,2184.0,9.0,2.0,836.0,3.0,10.0
75.0,1991.0,6.0,1.0,432.0,2.0,7.0
9.0,1338.0,8.0,2.0,582.0,2.0,6.0
107.0,2337.0,5.0,2.0,560.0,2.0,10.0
81.0,1103.0,6.0,1.0,440.0,2.0,5.0
43.0,1154.0,5.0,1.0,480.0,2.0,6.0
14.0,2260.0,7.0,2.0,533.0,2.0,7.0
16.0,1571.0,6.0,2.0,380.0,2.0,7.0
44.0,1611.0,6.0,1.0,442.0,2.0,7.0
33.0,2521.0,6.0,2.0,576.0,2.0,10.0
58.0,893.0,5.0,1.0,576.0,2.0,4.0
51.0,1048.0,5.0,1.0,286.0,1.0,6.0
41.0,1556.0,6.0,1.0,441.0,2.0,8.0
58.0,1456.0,5.0,1.0,280.0,1.0,7.0
32.0,1426.0,6.0,1.0,440.0,2.0,6.0
1.0,1240.0,7.0,2.0,826.0,3.0,5.0
67.0,1740.0,7.0,1.0,240.0,1.0,6.0
70.0,1466.0,5.0,2.0,566.0,2.0,7.0
2.0,848.0,6.0,1.0,420.0,2.0,3.0
13.0,990.0,5.0,1.0,299.0,1.0,5.0
47.0,1040.0,5.0,1.0,308.0,1.0,5.0
5.0,1459.0,7.0,2.0,527.0,2.0,6.0
42.0,1251.0,6.0,1.0,461.0,1.0,6.0
11.0,1498.0,6.0,2.0,409.0,2.0,6.0
18.0,996.0,6.0,1.0,564.0,2.0,5.0
37.0,1092.0,4.0,1.0,286.0,1.0,6.0
4.0,1953.0,8.0,2.0,1043.0,3.0,9.0
2.0,1709.0,7.0,2.0,380.0,2.0,7.0
1.0,1247.0,8.0,1.0,550.0,2.0,4.0
59.0,1040.0,3.0,2.0,400.0,2.0,6.0
9.0,1252.0,7.0,2.0,462.0,2.0,4.0
83.0,1694.0,6.0,2.0,576.0,2.0,7.0
41.0,1200.0,5.0,1.0,884.0,2.0,6.0
54.0,936.0,5.0,1.0,308.0,1.0,4.0
1.0,1314.0,6.0,2.0,440.0,2.0,6.0
93.0,1355.0,6.0,1.0,0.0,0.0,7.0
21.0,1088.0,8.0,1.0,461.0,2.0,5.0
73.0,1324.0,4.0,1.0,240.0,1.0,6.0
89.0,438.0,2.0,1.0,246.0,1.0,3.0
36.0,950.0,5.0,1.0,280.0,1.0,5.0
47.0,1194.0,6.0,1.0,539.0,2.0,6.0
37.0,1302.0,5.0,2.0,440.0,2.0,6.0
16.0,2622.0,8.0,2.0,712.0,2.0,9.0
17.0,1442.0,7.0,2.0,719.0,2.0,6.0
0.0,2021.0,7.0,2.0,422.0,2.0,9.0
5.0,1836.0,8.0,2.0,862.0,3.0,7.0
13.0,1658.0,6.0,2.0,431.0,2.0,8.0
32.0,1964.0,7.0,2.0,483.0,2.0,8.0
49.0,816.0,5.0,1.0,308.0,1.0,5.0
54.0,1008.0,5.0,1.0,240.0,1.0,6.0
52.0,833.0,5.0,1.0,326.0,1.0,4.0
0.0,1734.0,8.0,2.0,928.0,3.0,7.0
7.0,1419.0,8.0,2.0,527.0,2.0,7.0
41.0,894.0,5.0,1.0,450.0,2.0,5.0
50.0,1601.0,5.0,1.0,300.0,1.0,6.0
47.0,1040.0,5.0,1.0,286.0,1.0,6.0
87.0,1012.0,6.0,1.0,308.0,1.0,6.0
1.0,1552.0,7.0,2.0,782.0,3.0,7.0
62.0,698.0,5.0,1.0,0.0,0.0,4.0
15.0,1482.0,7.0,2.0,392.0,2.0,7.0
54.0,1005.0,4.0,1.0,672.0,2.0,5.0
2.0,1555.0,7.0,2.0,660.0,3.0,7.0
3.0,1959.0,7.0,2.0,434.0,2.0,8.0
27.0,936.0,5.0,1.0,672.0,2.0,4.0
81.0,1981.0,4.0,2.0,576.0,2.0,7.0
127.0,2210.0,6.0,2.0,205.0,1.0,8.0
14.0,2020.0,8.0,2.0,466.0,2.0,8.0
10.0,1600.0,6.0,2.0,460.0,2.0,7.0
81.0,986.0,6.0,1.0,180.0,1.0,5.0
135.0,1020.0,5.0,1.0,0.0,0.0,6.0
32.0,1567.0,6.0,2.0,714.0,2.0,5.0
87.0,1167.0,5.0,1.0,495.0,2.0,6.0
33.0,1868.0,5.0,2.0,484.0,2.0,9.0
1.0,2828.0,8.0,3.0,1052.0,3.0,11.0
49.0,1006.0,5.0,1.0,0.0,0.0,5.0
69.0,924.0,4.0,1.0,280.0,1.0,5.0
21.0,1298.0,6.0,2.0,403.0,2.0,5.0
68.0,1564.0,7.0,1.0,234.0,1.0,7.0
82.0,1111.0,7.0,1.0,288.0,1.0,5.0
89.0,1482.0,7.0,1.0,324.0,2.0,7.0
57.0,932.0,6.0,1.0,306.0,1.0,4.0
47.0,1466.0,5.0,1.0,528.0,2.0,6.0
78.0,816.0,6.0,1.0,432.0,1.0,5.0
43.0,1820.0,7.0,1.0,492.0,2.0,8.0
31.0,1437.0,5.0,2.0,528.0,2.0,6.0
43.0,1265.0,5.0,2.0,502.0,2.0,6.0
2.0,1314.0,7.0,2.0,626.0,2.0,6.0
1.0,1580.0,8.0,2.0,830.0,3.0,7.0
34.0,1876.0,6.0,2.0,540.0,2.0,8.0
32.0,1456.0,6.0,2.0,440.0,2.0,7.0
54.0,1640.0,6.0,1.0,924.0,2.0,7.0
39.0,894.0,5.0,1.0,450.0,2.0,5.0
39.0,1258.0,4.0,0.0,400.0,2.0,6.0
29.0,1432.0,5.0,1.0,588.0,2.0,5.0
0.0,1502.0,7.0,2.0,644.0,2.0,7.0
2.0,1694.0,8.0,2.0,776.0,3.0,7.0
6.0,1671.0,6.0,2.0,472.0,2.0,7.0
73.0,2108.0,6.0,2.0,540.0,2.0,7.0
11.0,3627.0,10.0,3.0,807.0,3.0,10.0
31.0,1118.0,6.0,1.0,358.0,1.0,6.0
50.0,1261.0,6.0,1.0,433.0,2.0,6.0
2.0,1250.0,7.0,2.0,625.0,2.0,5.0
61.0,3086.0,5.0,3.0,0.0,0.0,12.0
74.0,2345.0,6.0,2.0,360.0,2.0,9.0
15.0,2872.0,8.0,2.0,541.0,2.0,9.0
24.0,923.0,5.0,1.0,264.0,1.0,5.0
83.0,1224.0,6.0,1.0,210.0,1.0,5.0
88.0,1343.0,5.0,1.0,186.0,1.0,7.0
52.0,1124.0,5.0,1.0,0.0,0.0,5.0
16.0,2514.0,7.0,2.0,693.0,2.0,8.0
0.0,1652.0,8.0,2.0,482.0,2.0,5.0
86.0,1130.0,5.0,1.0,720.0,2.0,5.0
44.0,1572.0,5.0,1.0,995.0,3.0,5.0
82.0,1221.0,5.0,1.0,392.0,1.0,7.0
12.0,1624.0,8.0,2.0,757.0,3.0,5.0
7.0,1660.0,7.0,2.0,493.0,2.0,7.0
11.0,1804.0,7.0,2.0,442.0,2.0,7.0
46.0,1622.0,4.0,1.0,1356.0,4.0,7.0
8.0,1441.0,8.0,2.0,492.0,2.0,5.0
82.0,1472.0,5.0,1.0,250.0,1.0,6.0
10.0,1224.0,6.0,2.0,402.0,2.0,5.0
41.0,1352.0,6.0,1.0,299.0,1.0,7.0
3.0,1456.0,6.0,2.0,400.0,2.0,8.0
0.0,1863.0,7.0,2.0,660.0,3.0,9.0
90.0,1690.0,7.0,1.0,225.0,1.0,7.0
8.0,1212.0,7.0,2.0,573.0,2.0,6.0
43.0,1382.0,4.0,1.0,459.0,2.0,6.0
11.0,1779.0,7.0,2.0,546.0,2.0,6.0
84.0,1348.0,5.0,1.0,216.0,1.0,5.0
9.0,1630.0,7.0,2.0,451.0,2.0,6.0
31.0,1074.0,5.0,1.0,495.0,2.0,6.0
19.0,2196.0,7.0,2.0,701.0,3.0,7.0
40.0,1056.0,4.0,1.0,384.0,1.0,5.0
3.0,1700.0,6.0,2.0,544.0,2.0,7.0
46.0,1283.0,5.0,1.0,506.0,2.0,6.0
0.0,1660.0,8.0,2.0,500.0,2.0,8.0
18.0,1845.0,6.0,2.0,462.0,2.0,8.0
22.0,1752.0,8.0,2.0,492.0,2.0,8.0
68.0,672.0,4.0,1.0,234.0,1.0,4.0
41.0,960.0,4.0,0.0,364.0,1.0,3.0
44.0,999.0,5.0,1.0,300.0,1.0,6.0
41.0,894.0,5.0,1.0,384.0,1.0,5.0
32.0,1902.0,6.0,2.0,539.0,2.0,8.0
0.0,1314.0,8.0,2.0,552.0,2.0,6.0
59.0,912.0,4.0,1.0,0.0,0.0,3.0
40.0,1211.0,5.0,1.0,322.0,1.0,5.0
58.0,1846.0,6.0,2.0,315.0,1.0,7.0
55.0,2136.0,5.0,2.0,528.0,2.0,7.0
4.0,1490.0,7.0,2.0,388.0,2.0,8.0
49.0,1138.0,6.0,1.0,264.0,1.0,6.0
1.0,1933.0,6.0,2.0,668.0,3.0,9.0
43.0,912.0,5.0,1.0,576.0,2.0,5.0
0.0,1702.0,9.0,1.0,1052.0,3.0,7.0
48.0,1507.0,5.0,2.0,404.0,1.0,7.0
30.0,2620.0,5.0,2.0,600.0,2.0,12.0
44.0,1190.0,5.0,1.0,540.0,2.0,6.0
45.0,1224.0,4.0,2.0,462.0,2.0,6.0
92.0,1784.0,5.0,1.0,180.0,1.0,9.0
7.0,1626.0,7.0,2.0,474.0,2.0,6.0
2.0,1948.0,7.0,2.0,434.0,2.0,8.0
1.0,1484.0,8.0,2.0,472.0,2.0,6.0
5.0,1768.0,7.0,2.0,543.0,2.0,8.0
0.0,1689.0,7.0,2.0,954.0,3.0,7.0
0.0,2076.0,10.0,2.0,850.0,3.0,7.0
77.0,1517.0,8.0,1.0,400.0,2.0,7.0
1.0,1553.0,7.0,2.0,615.0,2.0,6.0
34.0,1034.0,6.0,1.0,888.0,3.0,6.0
91.0,2058.0,6.0,1.0,396.0,2.0,8.0
57.0,988.0,5.0,1.0,276.0,1.0,6.0
42.0,2110.0,7.0,2.0,522.0,2.0,8.0
3.0,1405.0,7.0,2.0,478.0,2.0,6.0
41.0,874.0,5.0,1.0,288.0,1.0,5.0
33.0,2167.0,7.0,2.0,518.0,2.0,9.0
5.0,1656.0,7.0,2.0,397.0,2.0,7.0
76.0,1367.0,6.0,1.0,560.0,1.0,6.0
14.0,1987.0,8.0,2.0,691.0,2.0,7.0
87.0,864.0,5.0,1.0,0.0,0.0,4.0
3.0,1166.0,7.0,2.0,400.0,2.0,5.0
39.0,1054.0,6.0,1.0,460.0,2.0,6.0
10.0,1675.0,6.0,2.0,502.0,2.0,7.0
53.0,1050.0,5.0,1.0,338.0,1.0,5.0
52.0,1788.0,4.0,1.0,304.0,1.0,8.0
88.0,1824.0,6.0,1.0,520.0,2.0,8.0
7.0,1452.0,7.0,2.0,506.0,2.0,6.0
97.0,1889.0,7.0,1.0,308.0,1.0,9.0
2.0,2018.0,9.0,2.0,746.0,3.0,10.0
73.0,3447.0,8.0,3.0,1014.0,3.0,11.0
49.0,1524.0,5.0,1.0,315.0,1.0,7.0
31.0,1524.0,7.0,0.0,586.0,2.0,4.0
41.0,1489.0,6.0,2.0,462.0,2.0,7.0
41.0,935.0,5.0,1.0,288.0,1.0,5.0
49.0,1357.0,6.0,1.0,312.0,1.0,5.0
97.0,1250.0,5.0,2.0,552.0,2.0,8.0
59.0,1920.0,5.0,2.0,400.0,2.0,10.0
37.0,1395.0,6.0,1.0,497.0,2.0,6.0
42.0,1724.0,6.0,1.0,480.0,2.0,7.0
6.0,2031.0,8.0,2.0,577.0,2.0,7.0
7.0,1573.0,7.0,2.0,544.0,2.0,6.0
16.0,1339.0,7.0,2.0,484.0,2.0,6.0
32.0,1040.0,5.0,2.0,484.0,2.0,5.0
39.0,1824.0,6.0,2.0,0.0,0.0,8.0
91.0,2447.0,6.0,2.0,336.0,1.0,10.0
70.0,1412.0,6.0,1.0,280.0,1.0,6.0
47.0,1328.0,6.0,1.0,528.0,2.0,6.0
42.0,1582.0,5.0,2.0,390.0,2.0,7.0
9.0,1659.0,8.0,2.0,499.0,2.0,5.0
0.0,1970.0,8.0,2.0,753.0,3.0,8.0
46.0,1152.0,5.0,1.0,484.0,2.0,6.0
37.0,1302.0,5.0,2.0,264.0,1.0,6.0
117.0,2372.0,5.0,2.0,432.0,1.0,11.0
30.0,1664.0,7.0,2.0,528.0,2.0,8.0
51.0,864.0,5.0,1.0,572.0,2.0,5.0
38.0,1052.0,5.0,1.0,288.0,1.0,5.0
45.0,1128.0,5.0,2.0,525.0,2.0,6.0
1.0,1072.0,6.0,2.0,525.0,2.0,5.0
0.0,5642.0,10.0,2.0,1418.0,2.0,12.0
51.0,1246.0,5.0,1.0,305.0,1.0,6.0
10.0,1983.0,7.0,2.0,490.0,2.0,9.0
67.0,1494.0,6.0,1.0,213.0,1.0,7.0
12.0,2526.0,8.0,2.0,844.0,3.0,8.0
1.0,1616.0,7.0,2.0,834.0,3.0,7.0
2.0,1708.0,7.0,2.0,380.0,2.0,7.0
3.0,1652.0,9.0,2.0,840.0,2.0,6.0
1.0,1368.0,7.0,2.0,474.0,2.0,6.0
15.0,990.0,5.0,1.0,480.0,2.0,5.0
60.0,1122.0,5.0,1.0,528.0,2.0,6.0
17.0,1294.0,6.0,2.0,496.0,2.0,6.0
51.0,1902.0,7.0,2.0,567.0,2.0,7.0
2.0,1274.0,7.0,2.0,508.0,2.0,6.0
17.0,2810.0,8.0,2.0,750.0,2.0,9.0
11.0,2599.0,9.0,2.0,779.0,3.0,10.0
53.0,948.0,4.0,1.0,280.0,1.0,5.0
39.0,2112.0,6.0,2.0,576.0,2.0,9.0
1.0,1630.0,8.0,2.0,860.0,3.0,8.0
1.0,1352.0,7.0,2.0,466.0,2.0,5.0
5.0,1787.0,8.0,2.0,748.0,3.0,7.0
53.0,948.0,4.0,1.0,248.0,1.0,5.0
52.0,1478.0,6.0,1.0,442.0,2.0,6.0
59.0,720.0,3.0,1.0,287.0,1.0,4.0
18.0,1923.0,7.0,2.0,564.0,2.0,8.0
69.0,708.0,4.0,1.0,0.0,0.0,5.0
1.0,1795.0,8.0,2.0,895.0,3.0,7.0
86.0,796.0,4.0,1.0,0.0,0.0,5.0
76.0,774.0,3.0,1.0,0.0,0.0,6.0
26.0,816.0,5.0,1.0,264.0,1.0,5.0
88.0,2792.0,6.0,2.0,520.0,2.0,8.0
8.0,1632.0,7.0,2.0,462.0,2.0,8.0
1.0,1588.0,8.0,2.0,825.0,3.0,7.0
30.0,954.0,5.0,1.0,576.0,2.0,6.0
71.0,816.0,4.0,1.0,288.0,1.0,3.0
68.0,1360.0,5.0,1.0,297.0,1.0,6.0
39.0,1365.0,5.0,1.0,440.0,2.0,7.0
32.0,1334.0,6.0,2.0,630.0,2.0,6.0
35.0,1656.0,5.0,2.0,506.0,2.0,8.0
65.0,693.0,4.0,1.0,0.0,0.0,4.0
4.0,1861.0,7.0,2.0,492.0,2.0,8.0
34.0,864.0,5.0,1.0,288.0,1.0,5.0
36.0,872.0,4.0,1.0,480.0,4.0,5.0
5.0,1114.0,6.0,1.0,576.0,2.0,6.0
5.0,2169.0,8.0,2.0,647.0,2.0,7.0
81.0,1913.0,6.0,1.0,342.0,2.0,9.0
1.0,1456.0,7.0,2.0,440.0,2.0,8.0
87.0,960.0,4.0,1.0,308.0,1.0,5.0
38.0,2156.0,7.0,2.0,508.0,2.0,9.0
1.0,1776.0,8.0,2.0,712.0,3.0,7.0
9.0,1494.0,7.0,2.0,514.0,2.0,5.0
136.0,2358.0,8.0,2.0,0.0,0.0,8.0
40.0,2634.0,5.0,2.0,968.0,4.0,12.0
46.0,1716.0,6.0,1.0,490.0,2.0,8.0
72.0,1176.0,6.0,1.0,624.0,2.0,4.0
15.0,3238.0,8.0,2.0,666.0,3.0,9.0
8.0,1865.0,7.0,2.0,839.0,3.0,7.0
38.0,1920.0,7.0,3.0,487.0,2.0,8.0
42.0,892.0,5.0,1.0,264.0,1.0,5.0
39.0,1078.0,5.0,1.0,500.0,2.0,6.0
10.0,1573.0,6.0,2.0,440.0,2.0,5.0
2.0,1980.0,9.0,2.0,770.0,3.0,8.0
87.0,2601.0,5.0,3.0,621.0,2.0,8.0
4.0,1530.0,7.0,2.0,430.0,2.0,7.0
89.0,1738.0,4.0,2.0,368.0,1.0,7.0
1.0,1412.0,6.0,2.0,432.0,2.0,6.0
10.0,1674.0,7.0,2.0,663.0,2.0,7.0
29.0,1475.0,5.0,2.0,336.0,1.0,6.0
6.0,848.0,6.0,1.0,420.0,2.0,4.0
7.0,1668.0,8.0,2.0,502.0,2.0,8.0
89.0,1374.0,4.0,1.0,338.0,1.0,6.0
53.0,1661.0,6.0,1.0,377.0,1.0,8.0
8.0,2097.0,7.0,2.0,583.0,2.0,8.0
6.0,2633.0,10.0,2.0,804.0,3.0,8.0
3.0,1958.0,7.0,2.0,936.0,3.0,9.0
0.0,1571.0,8.0,2.0,722.0,3.0,7.0
78.0,790.0,6.0,1.0,160.0,1.0,4.0
68.0,1604.0,5.0,2.0,660.0,2.0,6.0
33.0,987.0,6.0,1.0,264.0,1.0,5.0
2.0,1394.0,5.0,2.0,400.0,2.0,7.0
96.0,864.0,3.0,1.0,200.0,1.0,5.0
38.0,2117.0,6.0,2.0,550.0,2.0,7.0
86.0,1762.0,7.0,1.0,576.0,2.0,8.0
89.0,1416.0,5.0,2.0,576.0,2.0,7.0
70.0,1258.0,6.0,1.0,280.0,1.0,6.0
88.0,1154.0,4.0,1.0,240.0,1.0,7.0
28.0,2784.0,7.0,3.0,564.0,2.0,12.0
3.0,1746.0,9.0,2.0,758.0,3.0,7.0
66.0,1218.0,6.0,1.0,440.0,2.0,6.0
6.0,1525.0,7.0,2.0,541.0,2.0,6.0
42.0,1584.0,5.0,2.0,792.0,3.0,8.0
39.0,900.0,5.0,1.0,288.0,1.0,6.0
103.0,1912.0,6.0,2.0,672.0,2.0,7.0
0.0,1500.0,7.0,2.0,648.0,3.0,6.0
2.0,2482.0,8.0,2.0,642.0,3.0,9.0
62.0,1687.0,5.0,1.0,572.0,2.0,7.0
87.0,1513.0,5.0,1.0,180.0,1.0,8.0
59.0,1904.0,5.0,1.0,240.0,1.0,7.0
84.0,1608.0,6.0,2.0,216.0,1.0,7.0
79.0,1158.0,6.0,1.0,208.0,1.0,5.0
4.0,1593.0,6.0,2.0,398.0,2.0,8.0
0.0,1294.0,7.0,2.0,662.0,2.0,6.0
0.0,1464.0,8.0,2.0,754.0,3.0,6.0
4.0,1646.0,8.0,2.0,482.0,2.0,5.0
37.0,768.0,5.0,1.0,396.0,2.0,5.0
24.0,833.0,5.0,1.0,0.0,0.0,5.0
100.0,1363.0,4.0,1.0,528.0,2.0,6.0
22.0,2093.0,7.0,2.0,542.0,2.0,7.0
8.0,1840.0,7.0,2.0,622.0,2.0,6.0
59.0,1668.0,6.0,1.0,271.0,1.0,6.0
60.0,1040.0,4.0,2.0,420.0,2.0,6.0
85.0,1848.0,6.0,1.0,370.0,2.0,8.0
2.0,1569.0,7.0,2.0,660.0,3.0,7.0
125.0,2290.0,4.0,2.0,560.0,2.0,11.0
11.0,2450.0,8.0,2.0,1069.0,3.0,7.0
45.0,1144.0,5.0,1.0,336.0,1.0,6.0
37.0,1844.0,6.0,2.0,540.0,2.0,7.0
38.0,1416.0,6.0,2.0,776.0,2.0,7.0
33.0,1069.0,6.0,2.0,440.0,2.0,4.0
5.0,848.0,6.0,1.0,420.0,2.0,3.0
40.0,2201.0,6.0,2.0,432.0,2.0,8.0
49.0,1344.0,5.0,1.0,484.0,1.0,6.0
49.0,1252.0,6.0,1.0,528.0,2.0,7.0
14.0,2127.0,7.0,2.0,525.0,2.0,5.0
63.0,1558.0,5.0,1.0,288.0,1.0,6.0
26.0,1440.0,6.0,2.0,467.0,2.0,7.0
1.0,1838.0,5.0,2.0,372.0,2.0,7.0
33.0,958.0,6.0,2.0,440.0,2.0,5.0
80.0,968.0,4.0,2.0,216.0,1.0,5.0
8.0,1792.0,6.0,2.0,451.0,2.0,8.0
29.0,1126.0,5.0,2.0,484.0,2.0,5.0
36.0,864.0,4.0,1.0,528.0,2.0,5.0
0.0,1932.0,8.0,2.0,774.0,3.0,7.0
53.0,1236.0,6.0,1.0,923.0,2.0,6.0
28.0,1725.0,7.0,2.0,550.0,2.0,6.0
86.0,2555.0,6.0,2.0,672.0,2.0,11.0
4.0,848.0,6.0,1.0,420.0,2.0,3.0
1.0,2007.0,10.0,2.0,812.0,3.0,10.0
93.0,952.0,6.0,1.0,192.0,1.0,4.0
3.0,1422.0,7.0,2.0,626.0,2.0,7.0
41.0,913.0,6.0,1.0,240.0,1.0,6.0
48.0,1188.0,5.0,1.0,312.0,1.0,6.0
12.0,2090.0,8.0,2.0,556.0,2.0,8.0
97.0,1346.0,4.0,1.0,384.0,1.0,6.0
35.0,1792.0,5.0,2.0,0.0,0.0,8.0
1.0,1578.0,8.0,2.0,840.0,3.0,7.0
1.0,1072.0,5.0,1.0,525.0,2.0,5.0
5.0,1221.0,7.0,2.0,400.0,2.0,6.0
8.0,1647.0,6.0,2.0,460.0,2.0,7.0
32.0,2073.0,6.0,2.0,500.0,2.0,7.0
69.0,2340.0,7.0,2.0,252.0,1.0,9.0
60.0,1078.0,5.0,1.0,240.0,1.0,5.0
43.0,1256.0,5.0,1.0,276.0,1.0,6.0
